{"cameraMode":{"drawMode":0,"name":"Shaded","section":"Shading Mode"},"sceneLighting":true,"audioPlay":false,"sceneViewState":{"m_AlwaysRefresh":false,"showFog":true,"showSkybox":true,"showFlares":true,"showImageEffects":true,"showParticleSystems":true,"showVisualEffectGraphs":true,"m_FxEnabled":true},"in2DMode":false,"pivot":{"x":116.35101318359375,"y":-276.51202392578127,"z":185.4466552734375},"rotation":{"x":-0.14968958497047425,"y":-0.7422571182250977,"z":0.6288878917694092,"w":-0.17670854926109315},"size":1173.6419677734375,"orthographic":true}